{
  "triple_f": 21.560000000000002,
  "triple_rec": 21.959999999999997,
  "triple_pre": 21.17,
  "oe_ae_f": 77.27000000000001,
  "oe_ae_rec": 78.7,
  "oe_ae_pre": 75.89,
  "ae_sc_f": 25.240000000000002,
  "ae_sc_rec": 25.8,
  "ae_sc_pre": 24.709999999999997,
  "em": 0.2627,
  "invalid": 0.0066
}