{
  "triple_f": 66.2,
  "triple_rec": 66.32000000000001,
  "triple_pre": 66.07,
  "oe_ae_f": 70.13000000000001,
  "oe_ae_rec": 70.26,
  "oe_ae_pre": 70.0,
  "ae_sc_f": 70.93,
  "ae_sc_rec": 71.46000000000001,
  "ae_sc_pre": 70.39999999999999,
  "em": 0.5709,
  "invalid": 0.0203
}