{
  "triple_f": 78.10000000000001,
  "triple_rec": 79.65,
  "triple_pre": 76.6,
  "oe_ae_f": 80.57,
  "oe_ae_rec": 82.17999999999999,
  "oe_ae_pre": 79.03,
  "ae_sc_f": 79.91,
  "ae_sc_rec": 81.75,
  "ae_sc_pre": 78.14999999999999,
  "em": 0.7073,
  "invalid": 0.0111
}