{
  "triple_f": 70.72,
  "triple_rec": 70.72,
  "triple_pre": 70.72,
  "oe_ae_f": 73.88,
  "oe_ae_rec": 73.88,
  "oe_ae_pre": 73.88,
  "ae_sc_f": 74.96000000000001,
  "ae_sc_rec": 75.16000000000001,
  "ae_sc_pre": 74.76,
  "em": 0.6171,
  "invalid": 0.0151
}