{
  "triple_f": 70.39999999999999,
  "triple_rec": 70.23,
  "triple_pre": 70.56,
  "oe_ae_f": 73.19,
  "oe_ae_rec": 73.02,
  "oe_ae_pre": 73.36,
  "ae_sc_f": 74.92999999999999,
  "ae_sc_rec": 75.13,
  "ae_sc_pre": 74.74,
  "em": 0.6074,
  "invalid": 0.0134
}