{
  "triple_f": 27.560000000000002,
  "triple_rec": 26.69,
  "triple_pre": 28.48,
  "oe_ae_f": 29.799999999999997,
  "oe_ae_rec": 28.860000000000003,
  "oe_ae_pre": 30.8,
  "ae_sc_f": 37.66,
  "ae_sc_rec": 37.64,
  "ae_sc_pre": 37.69,
  "em": 0.1779,
  "invalid": 0.0348
}