{
  "triple_f": 29.39,
  "triple_rec": 28.610000000000003,
  "triple_pre": 30.220000000000002,
  "oe_ae_f": 31.879999999999995,
  "oe_ae_rec": 31.03,
  "oe_ae_pre": 32.78,
  "ae_sc_f": 38.81,
  "ae_sc_rec": 38.65,
  "ae_sc_pre": 38.97,
  "em": 0.2049,
  "invalid": 0.0266
}